,Gradient,Intercept
HomeAttack,1.134739691,0.134313366
HomeDefense,1.101371513,0.005013776
AwayAttack,0.960812427,0.160743749
AwayDefense,1.277407382,-0.043924896