,HomeTeam,AwayTeam,KO,AwayTeam_OddsName,HomeTeam_OddsName,Best_Bookie_H,Best_Bookie_D,Best_Bookie_A,Bookies_H,Bookies_A,Bookies_D,Brad_H,Brad_A,Brad_D
0,Chelsea,Burnley,01:00,burnley,chelsea,"SK,WH,VC,LD,CE,EB,BL,SJ,MA",FR,"MR,MA",0.8,0.06451612903225806,0.14285714285714285,0.7551956438900778,0.09949830683520268,0.1315086588852248
1,Arsenal,Leicester,01:45,leicester,arsenal,"BY,BL,SJ,MA",MR,MR,0.6666666666666666,0.13157894736842105,0.2040816326530612,0.6537261010562682,0.17372376487589608,0.16393103939113837
2,Watford,Liverpool,02:30,liverpool,watford,"FR,VC","SO,MR,MA","MR,MA",0.15384615384615385,0.6289308176100629,0.23094688221709006,0.20518158651675988,0.6009567654016915,0.19053180207736814
3,Crystal Palace,Huddersfield,03:15,huddersfield,crystal-palace,"OE,MR,MA","MR,MA",MR,0.5464480874316939,0.19607843137254904,0.273972602739726,0.5658179445705082,0.18142597797496673,0.252297154312814
4,Everton,Stoke,04:00,stoke,everton,MR,MR,"MR,BF,MA",0.5847953216374269,0.17543859649122806,0.2531645569620253,0.6015899810259104,0.20751814237119162,0.1869856489758786
5,Southampton,Swansea,04:45,swansea,southampton,MR,"SO,BW,MR,BL",MR,0.6060606060606061,0.15873015873015872,0.25,0.5822199490754864,0.21627542889467646,0.19904666375741398
7,Brighton,Man City,06:15,man-city,brighton,OE,MR,"B3,SK,WH,FR,WA,BB,MR,BL,MA",0.08888888888888889,0.7518796992481203,0.1724137931034483,0.07720568181558286,0.7892525784743389,0.10649731459323088
8,Newcastle,Tottenham,07:00,tottenham,newcastle,MR,"MR,MA","WH,FR,VC,LD,MR",0.18867924528301888,0.5780346820809249,0.2469135802469136,0.17438256368824936,0.6372053661363395,0.18481046301134696
9,Man Utd,West Ham,07:45,west-ham,man-utd,"EB,MA",MR,"VC,MR",0.7633587786259541,0.07692307692307693,0.1694915254237288,0.6166437020669568,0.18344139731660988,0.1975551966378545
